S0,S1,S2,S3,S4,S5,S6,S7,,,,,,
1,0,0,0,0,0,0,0,,,,,,
2,2,1.9982,1.99893,2.16092,0.901818,0.901818,0.910092,,,,,,
3,6,5.99653,5.99758,6.62505,2.77398,2.74531,2.77959,,,,,,
4,12,11.9905,11.9925,13.3889,5.7422,5.61368,5.70542,,,,,,
5,20,19.9545,19.9873,22.4376,9.86608,9.55959,9.75591,,,,,,
6,30,29.8377,29.9696,33.7564,15.2249,14.6207,15.0018,,,,,,
7,42,41.5656,41.9105,47.3149,21.9002,20.8851,21.513,,,,,,
8,56,55.0644,55.7704,63.0569,29.9444,28.417,29.3783,,,,,,
9,72,70.2624,71.5004,80.9042,39.3903,37.2403,38.6437,,,,,,
10,90,87.1058,89.0401,100.776,50.2541,47.4018,49.3487,,,,,,
11,110,105.557,108.337,122.57,62.5383,58.9392,61.5372,,,,,,
12,132,125.589,129.34,146.216,76.2381,71.8747,75.2418,,,,,,
13,156,147.184,152.012,171.636,91.3591,86.2126,90.48,,,,,,
14,182,170.327,176.31,198.777,107.891,101.962,107.261,,,,,,
15,210,195.012,202.212,227.589,125.836,119.137,125.586,,,,,,
16,240,221.239,229.7,258.043,145.192,137.736,145.454,,,,,,
17,272,249.015,258.754,290.116,165.955,157.759,166.856,,,,,,
18,306,278.344,289.365,323.745,188.123,179.204,189.785,,,,,,
19,342,309.231,321.528,358.941,211.693,202.067,214.229,,,,,,
20,380,341.679,355.24,395.702,236.663,226.346,240.171,,,,,,
21,420,375.694,390.497,434.022,263.033,252.037,267.604,,,,,,
22,462,411.279,427.299,473.872,290.801,279.137,296.516,,,,,,
23,506,448.438,465.645,515.262,319.967,307.645,326.898,,,,,,
24,552,487.174,505.539,558.202,350.53,337.558,358.74,,,,,,
25,600,527.49,546.982,602.691,382.49,368.873,392.032,,,,,,
26,650,569.389,589.981,648.732,415.847,401.59,426.766,,,,,,
27,702,612.872,634.54,696.327,450.6,435.709,462.934,,,,,,
28,756,657.943,680.663,745.479,486.749,471.227,500.529,,,,,,
29,812,704.603,728.351,796.192,524.295,508.145,539.546,,,,,,
30,870,752.852,777.608,846.934,563.237,546.462,579.973,,,,,,
31,930,802.693,828.437,895.652,603.575,586.176,621.805,,,,,,
32,992,854.126,878.76,940.773,645.309,627.289,665.042,,,,,,
33,1056,905.495,926.329,979.282,688.439,669.798,709.684,,,,,,
34,1122,951.279,967.196,1008.73,732.965,713.705,755.583,,,,,,
35,1190,982.894,994.873,1025.85,778.887,759.008,801.333,,,,,,
36,1225,989.562,1000.6,1029.24,803.921,783.609,824.798,,,,,,
37,0,0,0,0,0,0,0,,,,,,
38,2,1.9982,1.99893,1.99944,1.65486,1.78807,1.82504,,,,,,
39,6,5.99653,5.99758,6.08504,4.55427,5.00143,5.04993,,,,,,
40,12,11.9877,11.9925,12.3814,8.64565,9.46743,9.5097,,,,,,
41,20,19.9419,19.9873,20.9453,13.9895,15.0841,15.1837,,,,,,
42,30,29.8042,29.9624,31.7795,20.6489,21.9255,22.1107,,,,,,
43,42,41.4982,41.8885,44.8533,28.6691,30.0537,30.3906,,,,,,
44,56,54.9518,55.7238,60.1093,38.0737,39.4985,40.078,,,,,,
45,72,70.0965,71.4182,77.4729,48.8549,50.2626,51.1875,,,,,,
46,90,86.8803,88.9109,96.8588,61.0303,62.3731,63.7715,,,,,,
47,110,105.269,108.15,118.18,74.6176,75.8559,77.8569,,,,,,
48,132,125.237,129.089,141.364,89.6168,90.7399,93.4447,,,,,,
49,156,146.768,151.689,166.316,106.026,107.032,110.563,,,,,,
50,182,169.852,175.913,193.006,123.843,124.737,129.213,,,,,,
51,210,194.48,201.736,221.386,143.066,143.856,149.394,,,,,,
52,240,220.651,229.143,251.391,163.692,164.387,171.097,,,,,,
53,272,248.37,258.119,283,185.719,186.33,194.314,,,,,,
54,306,277.645,288.649,316.199,209.147,209.683,219.036,,,,,,
55,342,308.479,320.733,350.981,233.974,234.444,245.253,,,,,,
56,380,340.876,354.367,387.321,260.199,260.612,272.955,,,,,,
57,420,374.841,389.55,425.212,287.822,288.184,302.132,,,,,,
58,462,410.378,426.279,464.66,316.842,317.159,332.773,,,,,,
59,506,447.489,464.556,505.66,347.259,347.537,364.867,,,,,,
60,552,486.179,504.386,548.211,379.072,379.315,398.4,,,,,,
61,600,526.449,545.758,592.315,412.282,412.494,433.367,,,,,,
62,650,568.303,588.694,637.964,446.888,447.071,469.764,,,,,,
63,702,611.743,633.19,685.166,482.891,483.047,507.585,,,,,,
64,756,656.77,679.249,733.926,520.29,520.421,546.826,,,,,,
65,812,703.386,726.874,784.248,559.084,559.193,587.477,,,,,,
66,870,751.593,776.07,835.15,599.275,599.362,629.531,,,,,,
67,930,801.391,826.838,884.272,640.862,640.928,672.992,,,,,,
68,992,852.782,877.122,930.071,683.845,683.891,717.857,,,,,,
69,1056,904.136,924.59,969.895,728.224,728.25,763.781,,,,,,
70,1122,949.838,965.303,1000.86,773.999,774.006,809.205,,,,,,
71,1190,981.417,992.519,1019.93,812.632,802.209,838.963,,,,,,
72,1225,988.688,999.251,1026.48,823.437,810.873,846.418,,,,,,
73,0,0,0,0,0,0,0,,,,,,
74,2,1.9982,1.99893,1.99944,1.90636,1.9635,1.9736,,,,,,
75,6,5.99653,5.99758,6.01161,5.43558,5.72662,5.75495,,,,,,
76,12,11.9782,11.9925,12.0992,10.3448,11.0231,11.0631,,,,,,
77,20,19.9021,19.9806,20.3374,16.56,17.7265,17.7734,,,,,,
78,30,29.7023,29.9352,30.7702,24.1129,25.79,25.8606,,,,,,
79,42,41.2981,41.8163,43.3845,33.0229,35.2058,35.3413,,,,,,
80,56,54.6225,55.5762,58.1397,43.3046,45.978,46.2417,,,,,,
81,72,69.6166,71.1629,74.9629,54.967,58.1133,58.5855,,,,,,
82,90,86.2318,88.5163,93.7814,68.0162,71.6179,72.3919,,,,,,
83,110,104.444,107.588,114.51,82.4555,86.4813,87.6745,,,,,,
84,132,124.232,128.334,137.082,98.2872,102.71,104.442,,,,,,
85,156,145.585,150.726,161.448,115.513,120.321,122.698,,,,,,
86,182,168.494,174.737,187.519,134.133,139.318,142.441,,,,,,
87,210,192.959,200.332,215.254,154.148,159.703,163.673,,,,,,
88,240,218.975,227.506,244.645,175.559,181.479,186.388,,,,,,
89,272,246.548,256.25,275.651,198.365,204.645,210.582,,,,,,
90,306,275.677,286.555,308.26,222.567,229.204,236.249,,,,,,
91,342,306.364,318.409,342.458,248.165,255.156,263.38,,,,,,
92,380,338.617,351.818,378.23,275.159,282.502,291.97,,,,,,
93,420,372.442,386.78,415.556,303.549,311.242,322.006,,,,,,
94,462,407.843,423.295,454.416,333.335,341.377,353.479,,,,,,
95,506,444.821,461.366,494.836,364.517,372.907,386.391,,,,,,
96,552,483.38,500.994,536.811,397.094,405.832,420.734,,,,,,
97,600,523.522,542.161,580.337,431.068,440.153,456.504,,,,,,
98,650,565.25,584.916,625.42,466.438,475.869,493.695,,,,,,
99,702,608.565,629.231,672.067,503.204,512.98,532.305,,,,,,
100,756,653.469,675.112,720.279,541.366,551.488,572.328,,,,,,
101,812,699.963,722.561,770.06,580.923,591.391,613.761,,,,,,
102,870,748.049,771.584,820.869,621.877,632.69,656.602,,,,,,
103,930,797.727,822.181,870.301,664.227,675.385,700.848,,,,,,
104,992,848.998,872.424,916.46,707.973,719.475,746.498,,,,,,
105,1056,900.337,919.605,957.13,753.115,764.962,791.848,,,,,,
106,1122,945.814,959.817,988.849,799.652,804.293,833.013,,,,,,
107,1190,977.092,986.637,1009.06,830.484,826.658,856.255,,,,,,
108,1225,985.603,994.414,1016.6,839.956,834.999,862.936,,,,,,
109,0,0,0,0,0,0,0,,,,,,
110,2,1.9982,1.99893,1.99944,1.97489,1.99374,1.99615,,,,,,
111,6,5.99381,5.99758,6.00044,5.78266,5.92516,5.93715,,,,,,
112,12,11.9567,11.9925,12.0204,11.181,11.6445,11.6681,,,,,,
113,20,19.8248,19.9639,20.0964,18.0374,19,19.0298,,,,,,
114,30,29.5188,29.8757,30.254,26.2875,27.8803,27.9184,,,,,,
115,42,40.9545,41.6718,42.4868,35.9031,38.1921,38.2787,,,,,,
116,56,54.0737,55.2974,56.7662,46.8745,49.8893,50.0687,,,,,,
117,72,68.834,70.6996,73.0369,59.2013,62.9332,63.2813,,,,,,
118,90,85.1935,87.8239,91.2296,72.8878,77.3183,77.9232,,,,,,
119,110,103.136,106.619,111.292,87.9398,93.0566,93.9855,,,,,,
120,132,122.652,127.061,133.162,104.363,110.149,111.491,,,,,,
121,156,143.734,149.121,156.762,122.164,128.597,130.444,,,,,,
122,182,166.378,172.784,182.085,141.346,148.407,150.845,,,,,,
123,210,190.583,198.034,209.092,161.913,169.582,172.694,,,,,,
124,240,216.351,224.855,237.723,183.867,192.127,195.994,,,,,,
125,272,243.684,253.235,267.975,207.212,216.045,220.741,,,,,,
126,306,272.583,283.179,299.803,231.949,241.342,246.934,,,,,,
127,342,303.053,314.685,333.225,258.078,268.019,274.569,,,,,,
128,380,335.096,347.751,368.218,285.601,296.08,303.643,,,,,,
129,420,368.715,382.374,404.792,314.519,325.527,334.141,,,,,,
130,462,403.912,418.554,442.94,344.831,356.362,366.064,,,,,,
131,506,440.691,456.296,482.661,376.539,388.587,399.408,,,,,,
132,552,479.054,495.603,523.952,409.642,422.202,434.172,,,,,,
133,600,519.003,536.477,566.814,444.141,457.209,470.355,,,,,,
134,650,560.539,578.916,611.247,480.035,493.609,507.954,,,,,,
135,702,603.665,622.93,657.253,517.325,531.403,546.966,,,,,,
136,756,648.381,668.517,704.833,556.011,570.59,587.384,,,,,,
137,812,694.689,715.681,753.989,596.093,611.172,629.205,,,,,,
138,870,742.59,764.422,804.714,637.571,653.149,672.432,,,,,,
139,930,792.083,814.742,854.083,680.445,696.52,717.064,,,,,,
140,992,843.171,865.08,900.657,724.714,741.287,762.647,,,,,,
141,1056,894.607,911.858,941.292,770.38,786.848,807.045,,,,,,
142,1122,939.993,951.428,973.721,814.935,822.236,844.338,,,,,,
143,1190,971.067,977.488,994.054,843.084,844.558,866.387,,,,,,
144,1225,980.389,985.846,1002.54,852.309,852.314,871.403,,,,,,
145,0,0,0,0,0,0,0,,,,,,
146,2,1.9982,1.99893,1.99944,1.99327,1.99893,1.99944,,,,,,
147,6,5.98662,5.99758,5.99596,5.91473,5.97961,5.98406,,,,,,
148,12,11.9107,11.9829,11.992,11.591,11.8698,11.8826,,,,,,
149,20,19.6812,19.92,19.9765,18.8458,19.5483,19.5702,,,,,,
150,30,29.2073,29.7505,29.9355,27.553,28.8794,28.9152,,,,,,
151,42,40.4068,41.3988,41.8388,37.6402,39.7279,39.7988,,,,,,
152,56,53.2331,54.8057,55.6614,49.0688,51.994,52.1304,,,,,,
153,72,67.664,69.9225,71.3619,61.824,65.6441,65.8804,,,,,,
154,90,83.6823,86.7094,88.8836,75.9181,80.6477,81.0317,,,,,,
155,110,101.27,105.111,108.184,91.3591,96.9899,97.577,,,,,,
156,132,120.421,125.12,129.237,108.145,114.666,115.51,,,,,,
157,156,141.14,146.719,152.02,126.297,133.676,134.838,,,,,,
158,182,163.429,169.9,176.459,145.822,154.026,155.566,,,,,,
159,210,187.288,194.659,202.532,166.725,175.722,177.7,,,,,,
160,240,212.719,220.991,230.252,189.012,198.77,201.242,,,,,,
161,272,239.724,248.893,259.602,212.685,223.177,226.19,,,,,,
162,306,268.305,278.363,290.558,237.747,248.949,252.533,,,,,,
163,342,298.465,309.401,323.077,264.2,276.092,280.307,,,,,,
164,380,330.207,342.007,357.186,292.046,304.609,309.452,,,,,,
165,420,363.532,376.18,392.886,321.285,334.505,339.971,,,,,,
166,462,398.442,411.911,430.176,351.918,365.784,371.899,,,,,,
167,506,434.939,449.214,469.051,383.946,398.447,405.236,,,,,,
168,552,473.025,488.092,509.511,417.369,432.497,439.984,,,,,,
169,600,512.7,528.545,551.548,452.188,467.936,476.141,,,,,,
170,650,553.967,570.574,595.162,488.402,504.766,513.707,,,,,,
171,702,596.825,614.182,640.363,526.011,542.987,552.682,,,,,,
172,756,641.276,659.372,687.151,565.017,582.6,593.065,,,,,,
173,812,687.32,706.145,735.529,605.418,623.607,634.855,,,,,,
174,870,734.959,754.502,785.496,647.215,666.008,678.052,,,,,,
175,930,784.193,804.443,835.367,690.408,709.802,722.656,,,,,,
176,992,835.022,854.802,881.738,734.997,754.992,767.746,,,,,,
177,1056,886.641,901.158,922.339,780.982,799.327,810.377,,,,,,
178,1122,931.894,940.182,955.209,824.161,834.333,845.72,,,,,,
179,1190,963.242,965.828,975.879,851.687,856.206,867.566,,,,,,
180,1225,972.69,974.189,984.716,858.532,862.831,872.307,,,,,,
181,0,0,0,0,0,0,0,,,,,,
182,2,1.9982,1.99893,1.99944,1.99716,1.99893,1.99944,,,,,,
183,6,5.96746,5.99386,5.99596,5.95086,5.99062,5.99319,,,,,,
184,12,11.8133,11.9543,11.9649,11.7169,11.9265,11.9377,,,,,,
185,20,19.4173,19.8157,19.858,19.1088,19.7021,19.7299,,,,,,
186,30,28.689,29.4931,29.6133,27.9777,29.1782,29.2297,,,,,,
187,42,39.5596,40.8929,41.1686,38.2306,40.2063,40.2926,,,,,,
188,56,51.9899,53.9578,54.4932,49.8144,52.6821,52.8099,,,,,,
189,72,65.9879,68.6526,69.5664,62.7212,66.5498,66.7307,,,,,,
190,90,81.5526,84.9524,86.3513,76.9464,81.7708,82.0196,,,,,,
191,110,98.686,102.839,104.82,92.511,98.3252,98.6501,,,,,,
192,132,117.391,122.286,124.944,109.426,116.206,116.621,,,,,,
193,156,137.67,143.283,146.724,127.7,135.413,135.939,,,,,,
194,182,159.527,165.851,170.148,147.343,155.952,156.61,,,,,,
195,210,182.964,189.986,195.212,168.362,177.83,178.642,,,,,,
196,240,207.979,215.683,221.886,190.761,201.053,202.032,,,,,,
197,272,234.573,242.953,250.157,214.545,225.629,226.79,,,,,,
198,306,262.754,271.798,280.035,239.717,251.566,252.924,,,,,,
199,342,292.523,302.22,311.524,266.279,278.869,280.44,,,,,,
200,380,323.882,334.219,344.592,294.232,307.543,309.313,,,,,,
201,420,356.833,367.799,379.239,323.579,337.593,339.544,,,,,,
202,462,391.376,402.959,415.486,354.319,369.021,371.17,,,,,,
203,506,427.512,439.703,453.309,386.454,401.833,404.194,,,,,,
204,552,465.241,478.031,492.733,419.984,436.03,438.619,,,,,,
205,600,504.566,517.944,533.76,454.909,471.616,474.447,,,,,,
206,650,545.484,559.443,576.383,491.23,508.591,511.678,,,,,,
207,702,587.998,602.53,620.607,528.946,546.957,550.316,,,,,,
208,756,632.107,647.206,666.435,568.057,586.715,590.36,,,,,,
209,812,677.812,693.472,713.868,608.565,627.866,631.813,,,,,,
210,870,725.114,741.328,762.906,650.469,670.41,674.673,,,,,,
211,930,774.012,790.776,813.034,693.768,714.349,718.942,,,,,,
212,992,824.506,841.28,859.501,738.463,759.682,763.566,,,,,,
213,1056,876.391,887.823,900.852,784.555,803.733,804.67,,,,,,
214,1122,921.867,925.995,933.187,827.385,838.426,838.15,,,,,,
215,1190,953.074,950.966,954.278,854.48,860.432,859.588,,,,,,
216,1225,962.953,959.67,963.617,860.108,865.166,867.792,,,,,,
217,0,0,0,0,0,0,0,,,,,,
218,2,1.99327,1.99893,1.99944,1.99327,1.99893,1.99944,,,,,,
219,6,5.91588,5.97973,5.98521,5.91473,5.97961,5.98406,,,,,,
220,12,11.6088,11.8731,11.8953,11.591,11.8698,11.8913,,,,,,
221,20,18.9364,19.5718,19.6315,18.8458,19.5483,19.6023,,,,,,
222,30,27.8255,28.9698,29.0917,27.553,28.8794,28.9721,,,,,,
223,42,38.2499,39.97,40.1968,37.6402,39.7279,39.864,,,,,,
224,56,50.1885,52.5174,52.9019,49.0688,51.994,52.1641,,,,,,
225,72,63.6492,66.6096,67.2182,61.824,65.6441,65.8323,,,,,,
226,90,78.6525,82.2415,83.1431,75.9181,80.6477,80.8327,,,,,,
227,110,95.2195,99.4154,100.651,91.3591,96.9899,97.1486,,,,,,
228,132,113.36,118.137,119.761,108.145,114.666,114.757,,,,,,
229,156,133.083,138.414,140.478,126.297,133.676,133.673,,,,,,
230,182,154.394,160.24,162.76,145.822,154.026,153.907,,,,,,
231,210,177.296,183.626,186.586,166.725,175.722,175.471,,,,,,
232,240,201.793,208.585,211.992,189.012,198.77,198.374,,,,,,
233,272,227.886,235.122,239.011,212.685,223.177,222.624,,,,,,
234,306,255.576,263.242,267.635,237.747,248.949,248.235,,,,,,
235,342,284.865,292.941,297.841,264.2,276.092,275.213,,,,,,
236,380,315.753,324.213,329.661,292.046,304.609,303.564,,,,,,
237,420,348.239,357.077,363.099,321.285,334.505,333.287,,,,,,
238,462,382.325,391.534,398.153,351.918,365.784,364.394,,,,,,
239,506,418.009,427.587,434.81,383.946,398.447,396.89,,,,,,
240,552,455.292,465.23,473.071,417.369,432.497,430.767,,,,,,
241,600,494.173,504.468,512.944,452.188,467.936,466.034,,,,,,
242,650,534.653,545.297,554.437,488.402,504.766,502.702,,,,,,
243,702,576.731,587.722,597.548,526.011,542.987,540.764,,,,,,
244,756,620.407,631.746,642.28,565.017,582.6,580.231,,,,,,
245,812,665.682,677.369,688.631,605.418,623.607,621.101,,,,,,
246,870,712.554,724.59,736.603,647.215,666.008,663.379,,,,,,
247,930,761.025,773.41,786.194,690.408,709.802,707.069,,,,,,
248,992,811.093,823.829,834.242,734.997,754.992,751.823,,,,,,
249,1056,862.759,870.399,875.769,780.982,799.327,791.582,,,,,,
250,1122,909.343,908.4,908.005,824.161,834.333,824.798,,,,,,
251,1190,940.397,932.882,929.06,851.687,856.206,846.141,,,,,,
252,1225,950.737,941.752,939.232,858.532,862.831,854.692,,,,,,
253,0,0,0,0,0,0,0,,,,,,
254,2,1.97489,1.99374,1.99615,1.97489,1.99374,1.99615,,,,,,
255,6,5.78286,5.92517,5.94119,5.78266,5.92516,5.94119,,,,,,
256,12,11.1862,11.6452,11.6939,11.181,11.6445,11.6931,,,,,,
257,20,18.0721,19.0066,19.1095,18.0374,19,19.1013,,,,,,
258,30,26.4117,27.9124,28.0806,26.2875,27.8803,28.0382,,,,,,
259,42,36.2176,38.2923,38.5308,35.9031,38.1921,38.3901,,,,,,
260,56,47.516,50.1321,50.4507,46.8745,49.8893,50.1133,,,,,,
261,72,60.3347,63.4079,63.8067,59.2013,62.9332,63.1146,,,,,,
262,90,74.6983,78.1609,78.6603,72.8878,77.3183,77.4254,,,,,,
263,110,90.6265,94.4181,95.0266,87.9398,93.0566,93.0372,,,,,,
264,132,108.134,112.198,112.916,104.363,110.149,109.949,,,,,,
265,156,127.221,131.519,132.341,122.164,128.597,128.165,,,,,,
266,182,147.902,152.395,153.277,141.346,148.407,147.692,,,,,,
267,210,170.184,174.824,175.768,161.913,169.582,168.54,,,,,,
268,240,194.059,198.809,199.818,183.867,192.127,190.718,,,,,,
269,272,219.538,224.37,225.459,207.212,216.045,214.229,,,,,,
270,306,246.625,251.509,252.704,231.949,241.342,239.09,,,,,,
271,342,275.315,280.244,281.553,258.078,268.019,265.293,,,,,,
272,380,305.612,310.579,312.012,285.601,296.08,292.86,,,,,,
273,420,337.517,342.516,344.064,314.519,325.527,321.799,,,,,,
274,462,371.028,376.055,377.71,344.831,356.362,352.113,,,,,,
275,506,406.144,411.188,412.974,376.539,388.587,383.813,,,,,,
276,552,442.866,447.929,449.87,409.642,422.202,416.903,,,,,,
277,600,481.191,486.278,488.401,444.141,457.209,451.39,,,,,,
278,650,521.118,526.235,528.568,480.035,493.609,487.275,,,,,,
279,702,562.645,567.8,570.37,517.325,531.403,524.564,,,,,,
280,756,605.774,610.972,613.808,556.011,570.59,563.26,,,,,,
281,812,650.504,655.751,658.882,596.093,611.172,603.364,,,,,,
282,870,696.835,702.136,705.59,637.571,653.149,644.879,,,,,,
283,930,744.766,750.128,753.932,680.445,696.52,687.807,,,,,,
284,992,794.296,799.724,803.897,724.714,741.287,732.15,,,,,,
285,1056,845.426,848.424,846.743,770.38,786.848,773.557,,,,,,
286,1122,893.564,887.031,879.413,814.935,822.236,805.735,,,,,,
287,1190,924.852,911.302,900.24,843.084,844.558,826.468,,,,,,
288,1225,935.54,920.267,911.119,852.309,852.314,835.83,,,,,,
289,0,0,0,0,0,0,0,,,,,,
290,2,1.90636,1.9635,1.9736,1.90636,1.9635,1.9736,,,,,,
291,6,5.43562,5.72662,5.76821,5.43558,5.72662,5.76821,,,,,,
292,12,10.3462,11.0233,11.1164,10.3448,11.0231,11.1163,,,,,,
293,20,16.5724,17.7282,17.8866,16.56,17.7265,17.8845,,,,,,
294,30,24.1665,25.8007,26.0254,24.1129,25.79,26.0108,,,,,,
295,42,33.1779,35.2457,35.5255,33.0229,35.2058,35.4686,,,,,,
296,56,43.6545,46.0867,46.37,43.3046,45.978,46.2177,,,,,,
297,72,55.6378,58.3539,58.5773,54.967,58.1133,58.2405,,,,,,
298,90,69.1474,72.0763,72.1905,68.0162,71.6179,71.5627,,,,,,
299,110,84.1921,87.2317,87.2211,82.4555,86.4813,86.1854,,,,,,
300,132,100.802,103.86,103.69,98.2872,102.71,102.112,,,,,,
301,156,118.995,121.999,121.636,115.513,120.321,119.346,,,,,,
302,182,138.792,141.657,141.1,134.133,139.318,137.896,,,,,,
303,210,160.2,162.874,162.058,154.148,159.703,157.769,,,,,,
304,240,183.223,185.667,184.53,175.559,181.479,178.972,,,,,,
305,272,207.86,210.048,208.576,198.365,204.645,201.494,,,,,,
306,306,234.107,236.026,234.2,222.567,229.204,225.341,,,,,,
307,342,261.973,263.608,261.389,248.165,255.156,250.541,,,,,,
308,380,291.456,292.791,290.182,275.159,282.502,277.101,,,,,,
309,420,322.555,323.569,320.571,303.549,311.242,305.029,,,,,,
310,462,355.268,355.963,352.594,333.335,341.377,334.334,,,,,,
311,506,389.593,389.974,386.253,364.517,372.907,365.014,,,,,,
312,552,425.529,425.595,421.548,397.094,405.832,397.077,,,,,,
313,600,463.073,462.832,458.49,431.068,440.153,430.517,,,,,,
314,650,502.224,501.688,497.081,466.438,475.869,465.344,,,,,,
315,702,542.979,542.161,537.322,503.204,512.98,501.572,,,,,,
316,756,585.339,584.245,579.204,541.366,551.488,539.204,,,,,,
317,812,629.302,627.944,622.733,580.923,591.391,578.24,,,,,,
318,870,674.869,673.258,667.91,621.877,632.69,618.688,,,,,,
319,930,722.038,720.185,714.737,664.227,675.385,660.55,,,,,,
320,992,770.808,768.723,763.21,707.973,719.475,703.828,,,,,,
321,1056,821.178,818.872,811.526,753.115,764.962,748.498,,,,,,
322,1122,873.148,860.349,846.062,799.652,804.293,780.581,,,,,,
323,1190,906.3,885.316,867.205,830.484,826.658,800.799,,,,,,
324,1225,917.269,894.493,879.037,839.956,834.999,810.93,,,,,,
325,0,0,0,0,0,0,0,,,,,,
326,2,1.65486,1.78807,1.81968,1.65486,1.78807,1.81968,,,,,,
327,6,4.55428,5.00143,5.09523,4.55427,5.00143,5.09523,,,,,,
328,12,8.64601,9.46745,9.60569,8.64565,9.46743,9.60566,,,,,,
329,20,13.9939,15.0845,15.2379,13.9895,15.0841,15.2374,,,,,,
330,30,20.6723,21.9285,22.0801,20.6489,21.9255,22.0761,,,,,,
331,42,28.7365,30.0672,30.1725,28.6691,30.0537,30.1552,,,,,,
332,56,38.204,39.5216,39.5182,38.0737,39.4985,39.4864,,,,,,
333,72,49.1188,50.3235,50.133,48.8549,50.2626,50.0584,,,,,,
334,90,61.5479,62.4969,62.0394,61.0303,62.3731,61.8635,,,,,,
335,110,75.5255,76.1073,75.32,74.6176,75.8559,74.9669,,,,,,
336,132,91.0783,91.1982,90.0031,89.6168,90.7399,89.3787,,,,,,
337,156,108.226,107.799,106.113,106.026,107.032,105.107,,,,,,
338,182,126.965,125.916,123.68,123.843,124.737,122.157,,,,,,
339,210,147.316,145.574,142.734,143.066,143.856,140.533,,,,,,
340,240,169.28,166.795,163.312,163.692,164.387,160.244,,,,,,
341,272,192.865,189.596,185.408,185.719,186.33,181.293,,,,,,
342,306,218.071,213.983,209.059,209.147,209.683,203.688,,,,,,
343,342,244.902,239.976,234.287,233.974,234.444,227.435,,,,,,
344,380,273.357,267.583,261.069,260.199,260.612,252.533,,,,,,
345,420,303.435,296.809,289.449,287.822,288.184,278.975,,,,,,
346,462,335.132,327.657,319.446,316.842,317.159,306.787,,,,,,
347,506,368.444,360.13,351.086,347.259,347.537,335.976,,,,,,
348,552,403.37,394.229,384.363,379.072,379.315,366.548,,,,,,
349,600,439.909,429.954,419.293,412.282,412.494,398.505,,,,,,
350,650,478.06,467.304,455.881,446.888,447.071,431.851,,,,,,
351,702,517.819,506.278,494.125,482.891,483.047,466.595,,,,,,
352,756,559.181,546.874,534.022,520.29,520.421,502.741,,,,,,
353,812,602.153,589.089,575.568,559.084,559.193,540.282,,,,,,
354,870,646.73,632.921,618.772,599.275,599.362,579.229,,,,,,
355,930,692.911,678.37,663.635,640.862,640.928,619.587,,,,,,
356,992,740.694,725.436,710.157,683.845,683.891,661.361,,,,,,
357,1056,790.079,774.116,758.336,728.224,728.25,704.553,,,,,,
358,1122,841.064,824.41,807.072,773.999,774.006,748.859,,,,,,
359,1190,883.657,854.399,830.543,812.632,802.209,770.044,,,,,,
360,1225,895.931,864.587,842.203,823.437,810.873,780.522,,,,,,
361,0,0,0,0,0,0,0,,,,,,
362,2,0.901818,0.901818,0.893694,0.901818,0.901818,0.893694,,,,,,
363,6,2.77398,2.74531,2.71511,2.77398,2.74531,2.71511,,,,,,
364,12,5.7422,5.61368,5.53661,5.7422,5.61368,5.53661,,,,,,
365,20,9.86622,9.5596,9.38183,9.86608,9.55959,9.38182,,,,,,
366,30,15.227,14.6208,14.2847,15.2249,14.6207,14.2846,,,,,,
367,42,21.913,20.886,20.3374,21.9002,20.8851,20.3365,,,,,,
368,56,29.9938,28.4194,27.5785,29.9444,28.417,27.5764,,,,,,
369,72,39.5097,37.2489,36.0381,39.3903,37.2403,36.0279,,,,,,
370,90,50.4924,47.4303,45.7542,50.2541,47.4018,45.7231,,,,,,
371,110,62.9846,59.0138,56.7662,62.5383,58.9392,56.6835,,,,,,
372,132,77.0245,72.0387,69.1161,76.2381,71.8747,68.9459,,,,,,
373,156,92.6436,86.508,82.8333,91.3591,86.2126,82.5241,,,,,,
374,182,109.862,102.464,97.9484,107.891,101.962,97.4165,,,,,,
375,210,128.692,119.935,114.51,125.836,119.137,113.618,,,,,,
376,240,149.144,138.954,132.543,145.192,137.736,131.148,,,,,,
377,272,171.223,159.532,152.053,165.955,157.759,150.014,,,,,,
378,306,194.93,181.688,173.081,188.123,179.204,170.218,,,,,,
379,342,220.257,205.443,195.666,211.693,202.067,191.768,,,,,,
380,380,247.21,230.805,219.811,236.663,226.346,214.669,,,,,,
381,420,275.788,257.781,245.547,263.033,252.037,238.921,,,,,,
382,462,305.986,286.369,272.89,290.801,279.137,264.524,,,,,,
383,506,337.805,316.576,301.858,319.967,307.645,291.493,,,,,,
384,552,371.242,348.41,332.462,350.53,337.558,319.835,,,,,,
385,600,406.296,381.869,364.704,382.49,368.873,349.556,,,,,,
386,650,442.962,416.954,398.6,415.847,401.59,380.663,,,,,,
387,702,481.241,453.668,434.143,450.6,435.709,413.162,,,,,,
388,756,521.118,492.009,471.334,486.749,471.227,447.057,,,,,,
389,812,562.615,531.976,510.189,524.295,508.145,482.353,,,,,,
390,870,605.716,573.568,550.7,563.237,546.462,519.055,,,,,,
391,930,650.423,616.782,592.871,603.575,586.176,557.167,,,,,,
392,992,696.732,661.618,636.699,645.309,627.289,596.691,,,,,,
393,1056,744.644,708.073,682.187,688.439,669.798,637.631,,,,,,
394,1122,794.158,756.145,729.335,732.965,713.705,679.99,,,,,,
395,1190,845.273,805.833,778.141,778.887,759.008,723.769,,,,,,
396,1225,873.323,833.127,805.465,803.921,783.609,748.365,,,,,,